idx,text,label,prediction,cleaned_prediction,sentiment_label
27,in world cinema ,1,neutral,neutral,neutral
81,generates ,1,neutral,neutral,neutral
92,strung-together moments ,0,neutral,neutral,neutral
93,", generous and subversive artworks ",1,neutral,neutral,neutral
100,in memory ,1,neutral,neutral,neutral
111,hawaiian shirt ,1,neutral,neutral,neutral
147,realistic portrayal ,1,neutral,neutral,neutral
153,the promise of digital filmmaking ,1,neutral,neutral,neutral
177,imax in short ,1,neutral,neutral,neutral
200,told in scattered fashion ,0,neutral,neutral,neutral
212,"if it is n't entirely persuasive , it does give exposure to some talented performers ",1,neutral,neutral,neutral
231,merit its 103-minute length ,1,neutral,neutral,neutral
233,as a dentist 's waiting room ,0,neutral,neutral,neutral
243,traditionally structured ,1,neutral,neutral,neutral
263,"breezy , distracted rhythms ",0,neutral,neutral,neutral
283,acted by diane lane and richard gere . ,1,neutral,neutral,neutral
312,about love and culture ,1,neutral,neutral,neutral
331,men ,1,neutral,neutral,neutral
344,taboo subject matter ,0,neutral,neutral,neutral
345,see this ,1,neutral,neutral,neutral
365,greatly ,1,neutral,neutral,neutral
366,free ,1,neutral,neutral,neutral
378,for a story ,1,neutral,neutral,neutral
379,in addition to hoffman 's powerful acting clinic ,1,neutral,neutral,neutral
391,romanticized rendering ,1,neutral,neutral,neutral
423,complex story ,1,neutral,neutral,neutral
424,atop wooden dialogue ,0,neutral,neutral,neutral
443,wait to see it then . ,0,neutral,neutral,neutral
470,a fairly revealing study of its two main characters ,1,neutral,neutral,neutral
472,"may be more genial than ingenious , but it gets the job done . ",1,neutral,neutral,neutral
487,grand ,1,neutral,neutral,neutral
493,an avid interest ,1,neutral,neutral,neutral
513,what you wish for ,1,neutral,neutral,neutral
519,book report ,0,neutral,neutral,neutral
577,with the the wisdom and humor of its subjects ,1,neutral,neutral,neutral
593,intelligence or invention ,1,neutral,neutral,neutral
600,hip hop beat ,1,neutral,neutral,neutral
684,embracing ,1,neutral,neutral,neutral
715,accentuating ,1,neutral,neutral,neutral
724,be the cat 's meow ,1,neutral,neutral,neutral
727,be part of ,1,neutral,neutral,neutral
740,a laugh between them ,1,neutral,neutral,neutral
769,effective enough ,1,neutral,neutral,neutral
790,thank ,1,neutral,neutral,neutral
804,funny and sad ,1,neutral,neutral,neutral
842,any insight ,1,neutral,neutral,neutral
864,superlative ,1,neutral,neutral,neutral
892,and church meetings ,1,neutral,neutral,neutral
904,sustains ,1,neutral,neutral,neutral
913,like to skip but film buffs should get to know ,1,neutral,neutral,neutral
914,narrative discipline ,1,neutral,neutral,neutral
915,samuel l. jackson ,1,neutral,neutral,neutral
926,it 's on par with the first one ,1,neutral,neutral,neutral
964,nearly as fresh or enjoyable ,1,neutral,neutral,neutral
1010,sexual and romantic ,1,neutral,neutral,neutral
1059,the qualities ,1,neutral,neutral,neutral
1093,festival ,1,neutral,neutral,neutral
1128,worth a recommendation ,1,neutral,neutral,neutral
1129,bigger ,1,neutral,neutral,neutral
1130,our best achievements and other times ,1,neutral,neutral,neutral
1133,in private ,1,neutral,neutral,neutral
1140,it 's about family ,1,neutral,neutral,neutral
1143,a twist ,1,neutral,neutral,neutral
1250,lightweight filmmaking ,0,neutral,neutral,neutral
1265,be able to look away for a second ,1,neutral,neutral,neutral
1267,a legacy ,1,neutral,neutral,neutral
1276,coen brothers ,1,neutral,neutral,neutral
1302,went back ,1,neutral,neutral,neutral
1334,long and eventful ,1,neutral,neutral,neutral
1343,"( or role , or edit , or score , or anything , really ",0,neutral,neutral,neutral
1346,in a standard plot ,0,neutral,neutral,neutral
1363,is god ,1,neutral,neutral,neutral
1364,floating narrative ,1,neutral,neutral,neutral
1399,participation ,1,neutral,neutral,neutral
1412,one-hour mark ,1,neutral,neutral,neutral
1421,grows ,1,neutral,neutral,neutral
1426,caliber ,1,neutral,neutral,neutral
1431,is built on a potentially interesting idea ,1,neutral,neutral,neutral
1447,at existing photos ,1,neutral,neutral,neutral
1467,a simple tale ,1,neutral,neutral,neutral
1513,impersonal and abstract ,0,neutral,neutral,neutral
1522,an original ,1,neutral,neutral,neutral
1543,ethics ,1,neutral,neutral,neutral
1572,this picture ,1,neutral,neutral,neutral
1588,existential exploration ,1,neutral,neutral,neutral
1589,"road movie , coming-of-age story and political satire ",1,neutral,neutral,neutral
1604,the road ,1,neutral,neutral,neutral
1609,and dog lovers ,1,neutral,neutral,neutral
1620,has been ,1,neutral,neutral,neutral
1632,the filling ,1,neutral,neutral,neutral
1645,do with imagination ,1,neutral,neutral,neutral
1647,dumplings ,1,neutral,neutral,neutral
1681,dialogue and sharp ,1,neutral,neutral,neutral
1683,graduated ,1,neutral,neutral,neutral
1685,enriched ,1,neutral,neutral,neutral
1720,loose ,0,neutral,neutral,neutral
1811,to remember ,1,neutral,neutral,neutral
1826,place and personal identity ,1,neutral,neutral,neutral
1830,"serious subject matter and dark , funny humor ",1,neutral,neutral,neutral
1847,romp that has something to say . ,1,neutral,neutral,neutral
1852,turntablism ,1,neutral,neutral,neutral
1855,unlike ,0,neutral,neutral,neutral
1865,worked ,1,neutral,neutral,neutral
1883,"aims to be funny , uplifting and moving , sometimes ",1,neutral,neutral,neutral
1905,his martial artistry ,1,neutral,neutral,neutral
1917,"does a great combination act as narrator , jewish grandmother and subject -- ",1,neutral,neutral,neutral
1950,terms of the low-grade cheese standards on which it operates ,0,neutral,neutral,neutral
1956,freshman ,1,neutral,neutral,neutral
1958,an actress ,1,neutral,neutral,neutral
1966,create and sustain a mood ,1,neutral,neutral,neutral
1967,as a real movie ,1,neutral,neutral,neutral
1969,"entertaining enough , but nothing new ",0,neutral,neutral,neutral
1976,ellen pompeo sitting next to you for the ride ,1,neutral,neutral,neutral
1981,the kind of ` laugh therapy ' ,1,neutral,neutral,neutral
1983,of his character ,1,neutral,neutral,neutral
2043,salient points ,1,neutral,neutral,neutral
2058,african american professionals ,1,neutral,neutral,neutral
2063,", structure and rhythms ",1,neutral,neutral,neutral
2069,personality ,1,neutral,neutral,neutral
2083,complex ,1,neutral,neutral,neutral
2185,by the dynamic first act ,1,neutral,neutral,neutral
2201,what makes it worth watching ,1,neutral,neutral,neutral
2218,can be viewed as pure composition and form -- ,1,neutral,neutral,neutral
2288,conceptual feat ,1,neutral,neutral,neutral
2296,simply by accident ,0,neutral,neutral,neutral
2321,kid-empowerment ,1,neutral,neutral,neutral
2390,the gloss ,1,neutral,neutral,neutral
2420,watch on video at home ,0,neutral,neutral,neutral
2423,of all ages ,1,neutral,neutral,neutral
2456,combines the enigmatic features of ` memento ' ,1,neutral,neutral,neutral
2462,pop up in nearly every corner of the country ,1,neutral,neutral,neutral
2494,is almost ,0,neutral,neutral,neutral
2538,care ,1,neutral,neutral,neutral
2543,seem to match the power of their surroundings ,1,neutral,neutral,neutral
2558,storytelling skills ,1,neutral,neutral,neutral
2567,from a woodland stream ,1,neutral,neutral,neutral
2630,that works on any number of levels ,1,neutral,neutral,neutral
2664,of an alternative lifestyle ,1,neutral,neutral,neutral
2681,truest sense ,1,neutral,neutral,neutral
2685,does its sensitive handling of some delicate subject matter ,1,neutral,neutral,neutral
2693,schÃ¼tte 's dramatic snapshot ,1,neutral,neutral,neutral
2706,technical proficiency ,1,neutral,neutral,neutral
2710,gadgets ,1,neutral,neutral,neutral
2724,dearly ,1,neutral,neutral,neutral
2731,a lifetime ,1,neutral,neutral,neutral
2736,the touch ,1,neutral,neutral,neutral
2742,sensuality ,1,neutral,neutral,neutral
2747,"itself , a playful spirit and a game cast ",1,neutral,neutral,neutral
2754,construct a story ,1,neutral,neutral,neutral
2769,overly familiar scenario ,0,neutral,neutral,neutral
2781,is honestly ,1,neutral,neutral,neutral
2803,hmmm ,0,neutral,neutral,neutral
2807,what punk rock music used to be ,1,neutral,neutral,neutral
2821,seen city ,1,neutral,neutral,neutral
2822,watch these two together ,1,neutral,neutral,neutral
2843,", or inventive ",1,neutral,neutral,neutral
2883,hours of material to discuss ,1,neutral,neutral,neutral
2886,luminous interviews ,1,neutral,neutral,neutral
2908,wisdom and emotion ,1,neutral,neutral,neutral
2928,stooping ,0,neutral,neutral,neutral
3009,economical ,1,neutral,neutral,neutral
3040,diverse ,1,neutral,neutral,neutral
3047,uniqueness ,1,neutral,neutral,neutral
3058,recognize ,1,neutral,neutral,neutral
3088,both the beauty of the land and the people ,1,neutral,neutral,neutral
3094,laugh once ( maybe twice ) ,1,neutral,neutral,neutral
3101,"simpler , leaner ",1,neutral,neutral,neutral
3160,"see `` simone , '' and consider a dvd rental instead ",0,neutral,neutral,neutral
3176,watch these two together again ,1,neutral,neutral,neutral
3193,the hook ,1,neutral,neutral,neutral
3251,their bodies ,1,neutral,neutral,neutral
3298,are of the highest and the performances ,1,neutral,neutral,neutral
3341,brilliant and brutal ,1,neutral,neutral,neutral
3347,month ,1,neutral,neutral,neutral
3356,unusual homes ,1,neutral,neutral,neutral
3382,bitter nor sweet ,1,neutral,neutral,neutral
3425,rare family movie ,1,neutral,neutral,neutral
3474,its story ,1,neutral,neutral,neutral
3498,search of purpose or even a plot ,0,neutral,neutral,neutral
3529,substantial or fresh ,1,neutral,neutral,neutral
3543,exaggerated action ,0,neutral,neutral,neutral
3556,the story 's scope and pageantry ,1,neutral,neutral,neutral
3571,the ideal outlet ,1,neutral,neutral,neutral
3575,linklater ,0,neutral,neutral,neutral
3597,remotely new or interesting ,0,neutral,neutral,neutral
3642,nation ,1,neutral,neutral,neutral
3653,garden music video ,1,neutral,neutral,neutral
3678,a better script ,1,neutral,neutral,neutral
3727,seem to match the power of their surroundings . ,1,neutral,neutral,neutral
3739,of artifice and purpose ,1,neutral,neutral,neutral
3747,from a television monitor ,1,neutral,neutral,neutral
3782,know what it wants to be when it grows up ,1,neutral,neutral,neutral
3844,imaginatively mixed ,1,neutral,neutral,neutral
3849,a century and a half ago ,1,neutral,neutral,neutral
3854,being neither ,0,neutral,neutral,neutral
3887,common sense ,1,neutral,neutral,neutral
3897,both heartbreaking and heartwarming ... ,1,neutral,neutral,neutral
3899,told and retold ,0,neutral,neutral,neutral
3900,joe dante 's similarly styled gremlins ,1,neutral,neutral,neutral
3942,as a friend ,1,neutral,neutral,neutral
3950,honestly ,1,neutral,neutral,neutral
3967,cerebral ,1,neutral,neutral,neutral
3976,dinner guest ,1,neutral,neutral,neutral
4093,"gets under your skin and , some plot blips ",0,neutral,neutral,neutral
4115,far-flung ,0,neutral,neutral,neutral
4119,can relate ,1,neutral,neutral,neutral
4123,"presents nothing special and , until the final act , nothing overtly disagreeable ",0,neutral,neutral,neutral
4132,hanukkah ,1,neutral,neutral,neutral
4140,justify his exercise ,0,neutral,neutral,neutral
4142,modern art ,1,neutral,neutral,neutral
4146,of the creative act ,1,neutral,neutral,neutral
4162,technically ,1,neutral,neutral,neutral
4171,stylized sequences ,1,neutral,neutral,neutral
4189,provide insight ,1,neutral,neutral,neutral
4194,short running ,0,neutral,neutral,neutral
4204,a legal thriller ,1,neutral,neutral,neutral
4215,deliberately and skillfully ,1,neutral,neutral,neutral
4222,smile-button faces ,1,neutral,neutral,neutral
4239,utilizing ,1,neutral,neutral,neutral
4246,( ,0,I'm ready to analyze! What's the sentence?,none,invalid
4255,repetitive ,0,neutral,neutral,neutral
4267,interesting and ,1,neutral,neutral,neutral
4272,purports ,1,neutral,neutral,neutral
4320,is surely ,1,neutral,neutral,neutral
4348,"a 90-minute , four-star movie ",1,neutral,neutral,neutral
4448,of extraordinary journalism ,1,neutral,neutral,neutral
4450,pill to swallow ,0,neutral,neutral,neutral
4490,portray themselves ,1,neutral,neutral,neutral
4497,a passion for the material ,1,neutral,neutral,neutral
4504,"part biography , part entertainment ",1,neutral,neutral,neutral
4529,detailed story about newcomers in a strange new world ,1,neutral,neutral,neutral
4539,topic ,1,neutral,neutral,neutral
4557,than franchise possibilities ,1,neutral,neutral,neutral
4575,"rich , shadowy black-and-white ",1,neutral,neutral,neutral
4609,experimentation and improvisation ,1,neutral,neutral,neutral
4653,is ultimately ,1,neutral,neutral,neutral
4665,large-format ,1,neutral,neutral,neutral
4707,occasion ,0,neutral,neutral,neutral
4716,something vital about the movie ,1,neutral,neutral,neutral
4729,natural and ,1,neutral,neutral,neutral
4746,the heart of the film ,1,neutral,neutral,neutral
4789,300 years of russian history and culture ,1,neutral,neutral,neutral
4799,the story has some nice twists but the ending and some of the back-story is a little tired . ,0,mixed,mixed,mixed
4843,colorfully ,1,neutral,neutral,neutral
4846,it is ,1,neutral,neutral,neutral
4847,convincing ,1,neutral,neutral,neutral
4867,"about art , ethics , and the cost of moral compromise ",1,neutral,neutral,neutral
4876,contemplation ,1,neutral,neutral,neutral
4883,famous moments ,1,neutral,neutral,neutral
4896,through its otherwise comic narrative ,1,neutral,neutral,neutral
4909,contenders ,1,neutral,neutral,neutral
4952,a return ticket ,0,neutral,neutral,neutral
4987,look at the list of movies starring ice-t in a major role ,0,neutral,neutral,neutral
5001,will amuse or entertain them ,1,neutral,neutral,neutral
5004,town ,1,neutral,neutral,neutral
5055,take it ,1,neutral,neutral,neutral
5067,big stars and high production values are standard procedure ,1,neutral,neutral,neutral
5127,"sometimes charming , sometimes infuriating ",1,neutral,neutral,neutral
5150,the lion king ,1,neutral,neutral,neutral
5154,captain ,1,neutral,neutral,neutral
5163,", beloved genres ",1,neutral,neutral,neutral
5184,extraordinarily ,1,neutral,neutral,neutral
5215,affectingly ,1,neutral,neutral,neutral
5225,seem at least passably real ,1,neutral,neutral,neutral
5266,"fine , old-fashioned-movie movie ",1,neutral,neutral,neutral
5279,"that 's alternately melancholic , hopeful and strangely funny ",1,neutral,neutral,neutral
5315,focus ,1,neutral,neutral,neutral
5317,65-minute trifle ,0,neutral,neutral,neutral
5371,biography channel ,1,neutral,neutral,neutral
5381,recalls ,0,neutral,neutral,neutral
5396,a change in expression ,1,neutral,neutral,neutral
5404,seriousness and quality ,1,neutral,neutral,neutral
5426,", this could be a passable date film . ",1,neutral,neutral,neutral
5439,of clean and sober ,1,neutral,neutral,neutral
5456,a complex web ,1,neutral,neutral,neutral
5462,the lord ,1,neutral,neutral,neutral
5473,cult film ,1,neutral,neutral,neutral
5516,familiar and predictable ,0,neutral,neutral,neutral
5519,certain ambition ,1,neutral,neutral,neutral
5527,arnold schwarzenegger ,0,neutral,neutral,neutral
5577,that defies classification and is as thought-provoking as it ,1,neutral,neutral,neutral
5630,a skyscraper ,1,neutral,neutral,neutral
5639,grade ,1,neutral,neutral,neutral
5648,humanity or empathy ,1,neutral,neutral,neutral
5659,matinee price ,1,neutral,neutral,neutral
5663,personal ,1,neutral,neutral,neutral
5690,derivativeness ,0,neutral,neutral,neutral
5709,consistency ,1,neutral,neutral,neutral
5715,the piano teacher ,1,neutral,neutral,neutral
5728,thematically and stylistically ,1,neutral,neutral,neutral
5758,of predictable narrative rhythms ,0,neutral,neutral,neutral
5772,walked out ,0,neutral,neutral,neutral
5773,wanders ,0,neutral,neutral,neutral
5786,poise ,1,neutral,neutral,neutral
5791,unusual biopic and document ,1,neutral,neutral,neutral
5816,animation and game phenomenon ,1,neutral,neutral,neutral
5826,more than four ,1,neutral,neutral,neutral
5832,a guarantee ,1,neutral,neutral,neutral
5837,likes ,1,neutral,neutral,neutral
5838,be thinking about going to see this movie ,1,neutral,neutral,neutral
5840,inner-city streets ,1,neutral,neutral,neutral
5879,dates ,1,neutral,neutral,neutral
5883,spare dialogue ,0,neutral,neutral,neutral
5886,climate ,1,neutral,neutral,neutral
5905,"emphasizes the q in quirky , with mixed results . ",0,neutral,neutral,neutral
5935,the lady and the duke surprisingly ,1,neutral,neutral,neutral
5944,feature-length ,1,neutral,neutral,neutral
5953,challenges ,0,neutral,neutral,neutral
5957,in the media ,0,neutral,neutral,neutral
5973,your dream ,1,neutral,neutral,neutral
5988,execution and skill ,1,neutral,neutral,neutral
6003,reading lines ,0,neutral,neutral,neutral
6004,heard before ,1,neutral,neutral,neutral
6014,built-in audience ,1,neutral,neutral,neutral
6032,the expressive power ,1,neutral,neutral,neutral
6054,to entertain ,1,neutral,neutral,neutral
6066,have a story and a script ,1,neutral,neutral,neutral
6072,saves ,1,neutral,neutral,neutral
6101,style and flash ,1,neutral,neutral,neutral
6102,thematic content and narrative strength ,1,neutral,neutral,neutral
6121,successfully ,1,neutral,neutral,neutral
6138,knew about generating suspense ,1,neutral,neutral,neutral
6141,works on some levels ,1,neutral,neutral,neutral
6149,game supporting cast ,1,neutral,neutral,neutral
6155,playful but highly studied ,1,neutral,neutral,neutral
6179,grows up ,1,neutral,neutral,neutral
6203,sensation ,1,neutral,neutral,neutral
6206,the material and the production ,1,neutral,neutral,neutral
6207,my mind ,1,neutral,neutral,neutral
6214,daughter ,1,neutral,neutral,neutral
6234,value or merit ,1,neutral,neutral,neutral
6247,a kilt ,0,neutral,neutral,neutral
6297,literally ,1,neutral,neutral,neutral
6327,ingenuity ,1,neutral,neutral,neutral
6346,coming-of-age drama ,1,neutral,neutral,neutral
6375,without context -- journalistic or historical ,0,neutral,neutral,neutral
6384,dragonfly ,1,neutral,neutral,neutral
6410,accurately ,1,neutral,neutral,neutral
6448,climactic ,1,neutral,neutral,neutral
6459,spaces ,1,neutral,neutral,neutral
6484,spooky and subtly ,1,neutral,neutral,neutral
6485,into a classic genre ,1,neutral,neutral,neutral
6546,filmed directly ,1,neutral,neutral,neutral
6596,multi-layers ,1,neutral,neutral,neutral
6602,seen in years ,1,neutral,neutral,neutral
6623,historical truth and realism ,1,neutral,neutral,neutral
6643,"fun and funny in the middle , though somewhat less ",1,neutral,neutral,neutral
6651,skip but film buffs should get to know ,0,neutral,neutral,neutral
6670,"any viewer , young or old , ",1,neutral,neutral,neutral
6687,the universal theme ,1,neutral,neutral,neutral
6739,color and creativity ,1,neutral,neutral,neutral
6743,fixating on a far corner of the screen at times ,1,neutral,neutral,neutral
6751,create characters ,1,neutral,neutral,neutral
6757,orchestrating ,1,neutral,neutral,neutral
6761,"of a self-reflexive , philosophical nature ",1,neutral,neutral,neutral
6779,storytelling ability ,1,neutral,neutral,neutral
6799,makes its point ,1,neutral,neutral,neutral
6804,protagonist ,0,neutral,neutral,neutral
6810,touch ,1,neutral,neutral,neutral
6814,important political documentary ,1,neutral,neutral,neutral
6821,"own breezy , distracted rhythms ",1,neutral,neutral,neutral
6825,in short ,0,neutral,neutral,neutral
6850,the spectacle ,1,neutral,neutral,neutral
6867,of expository material ,1,neutral,neutral,neutral
6874,particular interest ,1,neutral,neutral,neutral
6876,tribute ,1,neutral,neutral,neutral
6891,for all of us ,1,neutral,neutral,neutral
6929,of his best-known creation ,1,neutral,neutral,neutral
6948,metaphysical ,1,neutral,neutral,neutral
6972,and finely cut diamond ,1,neutral,neutral,neutral
6973,convincing one ,1,neutral,neutral,neutral
6979,emotional gravity ,1,neutral,neutral,neutral
6999,of faith ,1,neutral,neutral,neutral
7004,original film ,1,neutral,neutral,neutral
7016,caught up in an intricate plot ,1,neutral,neutral,neutral
7031,soap-opera ,0,neutral,neutral,neutral
7047,been smoother or more confident ,1,neutral,neutral,neutral
7050,is easily ,1,neutral,neutral,neutral
7094,career-defining ,1,neutral,neutral,neutral
7099,canada 's arctic light ,1,neutral,neutral,neutral
7112,about movie love ,1,neutral,neutral,neutral
7116,a bigger-name cast ,1,neutral,neutral,neutral
7118,everyone making it ,1,neutral,neutral,neutral
7120,coming-of-age film ,1,neutral,neutral,neutral
7146,stays close to the ground ,1,neutral,neutral,neutral
7151,interesting and at times ,1,neutral,neutral,neutral
7182,live-action cartoon ,0,neutral,neutral,neutral
7220,integrity ,1,neutral,neutral,neutral
7221,cardiac ,0,neutral,neutral,neutral
7234,fully formed ,1,neutral,neutral,neutral
7240,any way of gripping what its point is ,0,neutral,neutral,neutral
7255,appeared in 1938 ,1,neutral,neutral,neutral
7256,"susan sarandon , dustin hoffman and holly hunter , ",1,neutral,neutral,neutral
7320,swiftly ,1,neutral,neutral,neutral
7330,prepare ,1,neutral,neutral,neutral
7355,its core ,1,neutral,neutral,neutral
7375,creeping into the second half ,0,neutral,neutral,neutral
7394,"a step further , ",1,neutral,neutral,neutral
7405,filling ,1,neutral,neutral,neutral
7429,byron and luther ,1,neutral,neutral,neutral
7459,favorite musical ,1,neutral,neutral,neutral
7500,playwriting 101 premise ,0,neutral,neutral,neutral
7539,will likely ,1,neutral,neutral,neutral
7567,an in-depth portrait ,1,neutral,neutral,neutral
7569,acquire the fast-paced contemporary society ,1,neutral,neutral,neutral
7604,everywhere ,1,neutral,neutral,neutral
7611,appropriately ,1,neutral,neutral,neutral
7622,a copy of a copy ,0,neutral,neutral,neutral
7629,oft-brilliant ,1,neutral,neutral,neutral
7645,does probably as good a job as anyone ,1,neutral,neutral,neutral
7653,", touching , smart and complicated ",1,neutral,neutral,neutral
7665,in a well-balanced fashion ,1,neutral,neutral,neutral
7669,original cartoon ,1,neutral,neutral,neutral
7704,a certain ambition ,1,neutral,neutral,neutral
7717,is fine ,1,neutral,neutral,neutral
7725,"be compelling , amusing and unsettling ",1,neutral,neutral,neutral
7729,that reaches across time and distance ,1,neutral,neutral,neutral
7744,dog ,1,neutral,neutral,neutral
7761,be a different kind of film ,1,neutral,neutral,neutral
7778,kids ,1,neutral,neutral,neutral
7796,talk about for hours ,1,neutral,neutral,neutral
7799,the original ,1,neutral,neutral,neutral
7813,of modern life ,1,neutral,neutral,neutral
7814,minor film ,0,neutral,neutral,neutral
7822,undoubtedly ,1,neutral,neutral,neutral
7842,real narrative logic ,1,neutral,neutral,neutral
7846,a trip ,1,neutral,neutral,neutral
7854,psychological case study ,1,neutral,neutral,neutral
7867,what makes it worth a recommendation ,1,neutral,neutral,neutral
7897,pink floyd tickets ,1,neutral,neutral,neutral
7902,companion piece ,1,neutral,neutral,neutral
7904,bidder ,1,neutral,neutral,neutral
7917,that rare animal ,1,neutral,neutral,neutral
7934,he or anyone else ,0,neutral,neutral,neutral
7956,object lesson ,1,neutral,neutral,neutral
7960,", realistic portrayal ",1,neutral,neutral,neutral
8001,indifferent ,0,neutral,neutral,neutral
8049,"a small , personal film ",1,neutral,neutral,neutral
8054,elaborate ,1,neutral,neutral,neutral
8080,measured or polished ,1,neutral,neutral,neutral
8089,every member ,1,neutral,neutral,neutral
8093,of invention ,1,neutral,neutral,neutral
8095,as a classic movie franchise ,1,neutral,neutral,neutral
8102,taking the easy hollywood road ,1,neutral,neutral,neutral
8103,prepackaged ,0,neutral,neutral,neutral
8134,artistically ,1,neutral,neutral,neutral
8147,that satisfies ,1,neutral,neutral,neutral
8148,futuristic sets ,1,neutral,neutral,neutral
8157,rarity ,1,neutral,neutral,neutral
8205,reaction ,1,neutral,neutral,neutral
8206,the true impact ,1,neutral,neutral,neutral
8233,excuse for a film ,0,neutral,neutral,neutral
8264,humanize ,1,neutral,neutral,neutral
8297,of that ,1,neutral,neutral,neutral
8304,) ,1,"I'm ready to analyze, but I don't see any text provided. Please provide the sentence you'd like me to classify.",none,invalid
8324,percolating ,1,neutral,neutral,neutral
8346,take this film at face value ,1,neutral,neutral,neutral
8356,the power of spirits ,1,neutral,neutral,neutral
8382,fuel our best achievements and other times ,1,neutral,neutral,neutral
8385,somewhat short ,0,neutral,neutral,neutral
8388,a date ,1,neutral,neutral,neutral
8428,"decides whether it wants to be a black comedy , drama , melodrama or some combination of the three . ",0,neutral,neutral,neutral
8444,that rare quality ,1,neutral,neutral,neutral
8454,oddest ,0,neutral,neutral,neutral
8477,"whether it wants to be a black comedy , drama , melodrama or some combination of the three ",0,neutral,neutral,neutral
8484,culture-clash comedy ,1,neutral,neutral,neutral
8486,this modern mob music drama ,1,neutral,neutral,neutral
8502,a lump of play-doh ,1,neutral,neutral,neutral
8514,proper respect ,1,neutral,neutral,neutral
8516,suspense on different levels ,1,neutral,neutral,neutral
8523,more slowly ,0,neutral,neutral,neutral
8524,", original ",1,neutral,neutral,neutral
8550,you might want to check it out ,1,neutral,neutral,neutral
8558,works on some levels and ,1,neutral,neutral,neutral
8560,refracting ,0,neutral,neutral,neutral
8573,a xerox machine ,0,neutral,neutral,neutral
8582,a fully developed story ,1,neutral,neutral,neutral
8587,about identity and alienation ,0,neutral,neutral,neutral
8619,", uninhibited ",1,neutral,neutral,neutral
8630,to probe questions of attraction and interdependence ,1,neutral,neutral,neutral
8634,what he could make with a decent budget ,1,neutral,neutral,neutral
8641,fill time ,0,neutral,neutral,neutral
8659,crafted ,1,neutral,neutral,neutral
8667,it the most ,1,neutral,neutral,neutral
8679,one scene ,1,neutral,neutral,neutral
8698,see this movie ,1,neutral,neutral,neutral
8732,is ok for a movie to be something of a sitcom apparatus ,1,neutral,neutral,neutral
8815,considerable ,1,neutral,neutral,neutral
8845,turn out okay ,1,neutral,neutral,neutral
8862,flatter ,1,neutral,neutral,neutral
8877,visuals and enveloping sounds ,1,neutral,neutral,neutral
8879,what results is the best performance from either in years ,1,neutral,neutral,neutral
8893,substantive ,1,neutral,neutral,neutral
8923,pure composition ,1,neutral,neutral,neutral
8930,juxtapositions ,1,neutral,neutral,neutral
8935,trusted audiences ,1,neutral,neutral,neutral
8948,becoming ,1,neutral,neutral,neutral
8955,emotional and ,1,neutral,neutral,neutral
8990,award ,1,neutral,neutral,neutral
9008,brimming ,1,neutral,neutral,neutral
9024,is just the point ,1,neutral,neutral,neutral
9047,recommend secretary ,1,neutral,neutral,neutral
9060,masters of both ,1,neutral,neutral,neutral
9063,to adopt as a generational signpost ,1,neutral,neutral,neutral
9067,a durable part ,1,neutral,neutral,neutral
9076,the gifted pearce ,1,neutral,neutral,neutral
9082,coherent ,1,neutral,neutral,neutral
9168,movies about angels ,1,neutral,neutral,neutral
9178,the product ,1,neutral,neutral,neutral
9193,hawaiian setting ,1,neutral,neutral,neutral
9204,a higher plateau ,1,neutral,neutral,neutral
9210,not without merit ,1,neutral,neutral,neutral
9220,freshening ,1,neutral,neutral,neutral
9253,be on video ,0,neutral,neutral,neutral
9270,innovative backgrounds ,1,neutral,neutral,neutral
9295,it aspires ,1,neutral,neutral,neutral
9333,who is not a character in this movie ,1,neutral,neutral,neutral
9344,auto-critique ,0,neutral,neutral,neutral
9356,healing process ,1,neutral,neutral,neutral
9360,realistically ,1,neutral,neutral,neutral
9398,the light of the exit sign ,0,neutral,neutral,neutral
9400,a lot more ,1,neutral,neutral,neutral
9407,about nothing ,0,neutral,neutral,neutral
9420,hollywood pipeline ,0,neutral,neutral,neutral
9427,family and community ,1,neutral,neutral,neutral
9450,broadcast ,1,neutral,neutral,neutral
9456,coming-of-age portrait ,1,neutral,neutral,neutral
9461,seat ,1,neutral,neutral,neutral
9462,more ways ,1,neutral,neutral,neutral
9466,degrading and strangely liberating ,1,neutral,neutral,neutral
9485,having an old friend for dinner ' ,1,neutral,neutral,neutral
9498,made-for-tv ,0,neutral,neutral,neutral
9511,are side stories aplenty ,1,neutral,neutral,neutral
9559,toss-up ,1,neutral,neutral,neutral
9560,poetry ,1,neutral,neutral,neutral
9576,be called animation ,1,neutral,neutral,neutral
9587,comes ,1,neutral,neutral,neutral
9628,remains prominent ,1,neutral,neutral,neutral
9648,its characters and communicates something ,1,neutral,neutral,neutral
9677,grade-school audience ,0,neutral,neutral,neutral
9692,director anne fontaine ,1,neutral,neutral,neutral
9694,into parapsychological phenomena and the soulful nuances ,1,neutral,neutral,neutral
9721,gold ,1,neutral,neutral,neutral
9731,bold biographical fantasia ,1,neutral,neutral,neutral
9776,with a modicum of patience ,1,neutral,neutral,neutral
9795,a feel movie ,1,neutral,neutral,neutral
9803,the finish line ,1,neutral,neutral,neutral
9820,to care about ,1,neutral,neutral,neutral
9821,be liked sometimes ,1,neutral,neutral,neutral
9835,if you love reading and/or poetry ,1,neutral,neutral,neutral
9840,offers an interesting bit of speculation ,1,neutral,neutral,neutral
9857,interesting matters of identity and heritage ,1,neutral,neutral,neutral
9879,musical number ,1,neutral,neutral,neutral
9882,old-fashioned storytelling ,1,neutral,neutral,neutral
9894,holds up in an era in which computer-generated images are the norm ,1,neutral,neutral,neutral
9904,the artificial structure ,0,neutral,neutral,neutral
9910,poignant and delicately ,1,neutral,neutral,neutral
9927,to use the word `` new '' in its title ,0,neutral,neutral,neutral
9943,steve martin ,1,neutral,neutral,neutral
9954,be a straightforward bio ,1,neutral,neutral,neutral
9970,pastel landscapes ,1,neutral,neutral,neutral
9979,a sudden lunch rush ,1,neutral,neutral,neutral
9992,why this project was undertaken ,0,neutral,neutral,neutral
9997,can get your money back ,0,neutral,neutral,neutral
